customer_id,churn_probability,churn_prediction
767114958,1.1e-05,0
708123033,0.000137,0
715424283,0.0003,0
717865008,1.5e-05,0
710188308,0.00015,0
716574033,1.5e-05,0
713183508,1.6e-05,0
718583133,6.5e-05,0
783554958,0.000102,0
714418158,7e-06,0
710061783,0.999833,1
716225433,0.00014,0
788327358,3.1e-05,0
714847983,3.8e-05,0
720031908,2.1e-05,0
713700258,1.7e-05,0
721265883,0.001248,0
715321008,0.999924,1
717831783,0.00024,0
711480108,0.000161,0
797638383,1.2e-05,0
709950858,1e-05,0
717060858,0.999893,1
716045508,0.000341,0
787482033,0.999285,1
719601708,2.3e-05,0
717683583,2.8e-05,0
813905508,7.6e-05,0
769985883,0.096423,0
718927533,0.000216,0
784868958,8e-05,0
787539333,3e-05,0
789871233,4.4e-05,0
826061508,0.0001,0
716354883,0.999938,1
717678408,3.4e-05,0
715341858,4.9e-05,0
713003358,0.999946,1
713374533,9.3e-05,0
709985133,0.000335,0
771204108,1e-05,0
713758758,9.8e-05,0
709453833,3.2e-05,0
713227233,2.3e-05,0
714967233,0.922469,1
714358008,0.000304,0
779514558,8.1e-05,0
794498733,5.7e-05,0
793015083,2.2e-05,0
789212883,0.999962,1
718677858,8.1e-05,0
713675658,9.3e-05,0
719523108,0.000157,0
708390633,0.000172,0
715098333,3.9e-05,0
712060158,1.8e-05,0
716831508,0.001844,0
778172583,7.7e-05,0
789430083,3.5e-05,0
709996833,0.99744,1
708890133,0.000363,0
773332908,1.1e-05,0
715870758,8.4e-05,0
789363408,1.3e-05,0
779118708,1.7e-05,0
710544033,1.2e-05,0
717500133,4.9e-05,0
712046808,0.997305,1
815484783,3.3e-05,0
713843283,1.5e-05,0
717260058,0.000113,0
773383158,7.7e-05,0
711041508,8e-05,0
816843933,2.5e-05,0
715043508,8e-05,0
717241233,3.7e-05,0
717521508,4.4e-05,0
708331758,8.9e-05,0
715571583,2.3e-05,0
711146358,0.000209,0
789594108,4e-05,0
779327733,3.1e-05,0
711391308,1.4e-05,0
718994583,0.000356,0
718212633,6e-06,0
711861258,0.000211,0
718123608,9e-06,0
718958583,0.995446,1
772207683,0.000171,0
719629308,0.848365,1
708303108,0.000292,0
788957358,4.9e-05,0
708727983,0.000485,0
714217908,0.001454,0
708928908,0.000605,0
712411908,6.6e-05,0
771075258,0.00018,0
717866133,2.3e-05,0
713652783,0.00144,0
714076683,0.999949,1
803963808,0.000375,0
778968408,3.6e-05,0
720064158,3.1e-05,0
778921908,8e-06,0
770878458,2.8e-05,0
786087633,5.8e-05,0
788752833,0.00016,0
766006758,0.000111,0
710342508,5.5e-05,0
711422358,8.1e-05,0
778574283,6.4e-05,0
709987683,0.999992,1
821168733,8e-06,0
717765183,5.1e-05,0
708723858,4.3e-05,0
720618033,0.000115,0
718899708,7.1e-05,0
716437533,0.000475,0
717491058,9.9e-05,0
711029358,0.000655,0
716768808,4.2e-05,0
801056358,1e-05,0
779210283,6.7e-05,0
718441308,6e-06,0
713241033,0.000131,0
711064008,0.000369,0
772137183,0.999819,1
788739633,0.999277,1
708953883,0.99991,1
716549058,2.8e-05,0
824789283,6.3e-05,0
788252358,1.1e-05,0
819752133,3.1e-05,0
716944983,0.000341,0
716545383,0.00011,0
720836808,1.7e-05,0
783361533,1.1e-05,0
710893533,0.000425,0
709793133,0.000557,0
716609433,0.999389,1
715222533,0.999499,1
713597658,0.998241,1
720837708,0.000213,0
786546783,0.006305,0
778747608,0.00017,0
801385458,2.3e-05,0
720844008,1.9e-05,0
754443033,0.999803,1
799486158,1e-05,0
798140283,0.001685,0
772036233,0.000243,0
711427458,0.022179,0
712727283,3.4e-05,0
710754933,0.999864,1
709938708,8e-06,0
710831133,0.000295,0
715570533,0.999865,1
794576058,2.1e-05,0
786557358,7.1e-05,0
708212658,9e-05,0
818993508,1.3e-05,0
718466883,1.4e-05,0
717085983,0.000355,0
709986633,5.8e-05,0
779348358,0.999822,1
752944533,0.001091,0
712340733,0.00029,0
814459833,0.001699,0
718373658,1.6e-05,0
771359958,0.000185,0
779198133,2.2e-05,0
788618208,0.000134,0
712288158,0.000193,0
711838008,0.999238,1
710202783,1.6e-05,0
771976683,0.000488,0
716176683,9.3e-05,0
711278283,0.000279,0
715019883,0.000131,0
720292983,3.3e-05,0
716498883,9.4e-05,0
713798958,9.1e-05,0
716939358,8.8e-05,0
709005633,0.99977,1
795573333,6e-06,0
771069033,1.3e-05,0
801709308,7e-06,0
716345283,8.2e-05,0
714835833,3.6e-05,0
779783508,1.6e-05,0
825767658,1.7e-05,0
717575958,0.999799,1
720753183,0.000105,0
711766758,2.3e-05,0
711397533,9e-06,0
767058183,0.000131,0
788864508,7.5e-05,0
778377183,8.1e-05,0
710844408,0.000133,0
714919308,0.999945,1
708874533,0.999977,1
778356408,1.4e-05,0
769035933,1.4e-05,0
771228183,8.2e-05,0
772539558,0.000127,0
714045783,0.999968,1
809797158,0.000258,0
719531133,0.000989,0
719192808,5e-05,0
720662508,0.000232,0
820848408,7e-06,0
712412958,0.000259,0
778984383,1.8e-05,0
712865583,6e-06,0
819997983,1.9e-05,0
718301508,5e-05,0
789197508,0.000351,0
809459733,9.4e-05,0
813901458,9.9e-05,0
772360683,0.00018,0
779725833,2.8e-05,0
712996833,2.1e-05,0
779681433,0.977591,1
787591008,5e-06,0
712642533,9e-06,0
721051908,7.6e-05,0
715503558,9.4e-05,0
709841433,0.000172,0
710424408,0.007572,0
709592808,7e-06,0
788038383,0.001005,0
714363858,6.8e-05,0
815015283,0.000224,0
771336783,3.1e-05,0
738899658,0.99961,1
796170933,0.018808,0
720992883,5.8e-05,0
712238958,3.3e-05,0
718530258,0.000206,0
711794358,0.998805,1
716366208,2.9e-05,0
770038983,0.999794,1
709937583,7e-06,0
787623858,6.7e-05,0
711676008,0.00074,0
812218908,0.999824,1
720281508,2.7e-05,0
721139808,0.000438,0
709990983,0.000233,0
718244958,0.000173,0
756639708,0.000106,0
718645308,1.2e-05,0
717389433,0.000459,0
779310033,0.999977,1
717192933,5.9e-05,0
718379358,1.6e-05,0
779661033,1.6e-05,0
715880283,5.7e-05,0
719469333,4.8e-05,0
708974283,8.9e-05,0
789859833,0.000184,0
772339383,0.000464,0
716319258,1.3e-05,0
720330558,0.999931,1
789827208,7.5e-05,0
751450008,0.000457,0
789791808,2.4e-05,0
717321783,0.000144,0
712549758,0.000766,0
712470033,9.8e-05,0
719291283,1.3e-05,0
720413658,1.4e-05,0
709230708,0.001514,0
708384033,0.989067,1
715029333,0.000112,0
771040758,0.000559,0
711635358,1.1e-05,0
716604633,0.000212,0
716438433,1e-05,0
711216933,1.6e-05,0
713916708,4.3e-05,0
710106933,0.000159,0
806189658,4e-06,0
770632758,0.001768,0
789238683,0.001299,0
711873033,0.998838,1
720384633,3.5e-05,0
712181658,2.5e-05,0
714957108,2.6e-05,0
720247158,0.000769,0
772313358,1.6e-05,0
803652633,0.000262,0
771422883,0.999945,1
718009158,5e-06,0
712612233,2.7e-05,0
709901058,8e-06,0
716682258,7e-06,0
711478233,0.008257,0
720040158,8.3e-05,0
720212508,3.8e-05,0
787605558,1.7e-05,0
780557658,0.000346,0
709952658,0.000198,0
793379058,9e-06,0
716971833,0.000316,0
720997383,0.999645,1
827111283,0.000188,0
769396158,0.999953,1
820085808,0.001266,0
780349833,6.3e-05,0
715964058,2.2e-05,0
771903033,7.5e-05,0
802668333,0.999622,1
718504983,0.000262,0
714882258,1.2e-05,0
714211533,0.002556,0
720198183,0.000388,0
803587533,2.1e-05,0
720050208,0.000228,0
771058908,0.000156,0
708971583,0.000334,0
788812608,6.8e-05,0
805282908,1.4e-05,0
717403158,0.000326,0
718418958,0.999981,1
721374033,1.7e-05,0
710849208,3.8e-05,0
771823308,0.000109,0
719019483,0.000242,0
769927533,3.7e-05,0
718951683,3.5e-05,0
709666908,2.4e-05,0
719857008,2.9e-05,0
788709408,3.3e-05,0
710641008,0.000292,0
815812683,0.000186,0
717624708,0.999979,1
789398733,7e-06,0
716136333,0.998655,1
715162608,0.999559,1
710822808,0.000778,0
714147858,9.4e-05,0
767333808,9.4e-05,0
719654283,9e-06,0
766273533,0.000121,0
779601783,5.4e-05,0
711370458,9.5e-05,0
715519983,9e-06,0
788782008,0.000413,0
787595658,0.000146,0
758211483,1e-05,0
710637183,3.1e-05,0
712144158,0.999602,1
715378383,1.9e-05,0
771061008,0.999463,1
719583558,7e-05,0
810986883,3.6e-05,0
788797983,0.000808,0
815104608,0.000151,0
715369008,6e-05,0
713418558,0.000255,0
708332808,7.8e-05,0
719729433,0.000191,0
789022233,9.3e-05,0
714234858,0.000207,0
709170108,0.999989,1
779727558,0.000416,0
708245808,3.8e-05,0
778255083,2.9e-05,0
718755483,9.6e-05,0
712627083,0.919097,1
788990508,2.2e-05,0
804437658,0.000383,0
778430733,0.000768,0
808747233,0.999731,1
710555433,0.994748,1
708826158,2.4e-05,0
717023508,4e-05,0
719694408,0.998021,1
710014683,7e-05,0
815596608,9e-06,0
712721358,0.999707,1
716870583,0.000103,0
780076833,2.6e-05,0
793616883,3.2e-05,0
789105183,0.000137,0
817970208,1.8e-05,0
779844408,0.999983,1
719206308,3.6e-05,0
721269108,3.9e-05,0
772139433,2.8e-05,0
717042333,0.999968,1
710273658,4e-05,0
716626008,2.5e-05,0
716230158,7e-06,0
713010483,8.5e-05,0
711220683,1.2e-05,0
721398858,7.3e-05,0
779400183,0.000516,0
789964983,0.999775,1
715102308,5.6e-05,0
712730583,0.000111,0
718870158,6e-05,0
719484408,0.000211,0
720244983,0.000115,0
781306758,0.999887,1
779412783,9.1e-05,0
721217283,0.000174,0
815062383,0.000117,0
714155283,0.000134,0
716981358,4.3e-05,0
824915208,4.4e-05,0
708498033,0.999569,1
716860233,1.6e-05,0
709839858,1.8e-05,0
713144208,0.999943,1
708573933,1.2e-05,0
712579983,1.4e-05,0
790099758,0.00021,0
711305208,5.9e-05,0
720062508,0.999922,1
708205083,0.000135,0
772336458,0.999845,1
710986758,3.7e-05,0
789271533,8.2e-05,0
711360783,6.5e-05,0
714035283,0.999925,1
720415833,0.0001,0
778873608,1.2e-05,0
718661958,0.000245,0
719026383,0.000354,0
710229333,7.3e-05,0
720437358,0.004063,0
811467708,2.2e-05,0
778933983,6.2e-05,0
719413383,7e-05,0
718252533,0.996137,1
718188858,0.0001,0
711382458,0.999563,1
721212258,1.2e-05,0
717600483,0.000336,0
761544333,0.000865,0
809425533,2.9e-05,0
709678608,4.8e-05,0
713151258,0.00011,0
715345833,9.3e-05,0
720776508,6.9e-05,0
720689583,5.3e-05,0
801728658,0.000151,0
718979733,0.000114,0
721163133,0.001216,0
710595783,0.000377,0
714781908,2.4e-05,0
709618308,3.6e-05,0
713971608,3.6e-05,0
718020408,2.1e-05,0
716513358,0.000515,0
710401458,0.008889,0
712177908,9.8e-05,0
719216508,1.5e-05,0
711017433,0.000127,0
788386908,3.8e-05,0
710819733,0.998108,1
711978858,1.1e-05,0
807136758,0.999875,1
716138958,0.000364,0
713070033,8.8e-05,0
827055333,0.009094,0
827408058,2.7e-05,0
793608258,0.999933,1
717013383,2e-05,0
714320358,0.00144,0
716948283,0.000121,0
717657333,0.001038,0
788687133,0.000297,0
710736558,0.0002,0
708721533,0.000553,0
817108083,0.999827,1
719737833,0.000418,0
813967983,6e-06,0
771464808,2.5e-05,0
713025558,0.996987,1
779016408,0.000119,0
712096758,1.2e-05,0
789523683,7.2e-05,0
713177808,1.9e-05,0
718777008,0.004724,0
711004533,5e-05,0
720046458,0.00011,0
710453283,0.009215,0
708736608,0.999745,1
778908783,1.9e-05,0
716056158,0.99995,1
773257233,1.3e-05,0
711371208,1.6e-05,0
711831558,1.2e-05,0
712164333,0.999921,1
780126033,0.999546,1
821889858,0.999844,1
779656908,2e-05,0
766821033,0.994485,1
789196158,0.001025,0
714228558,0.000117,0
827360883,0.000128,0
712815858,0.000191,0
714533058,4e-06,0
790149483,4.7e-05,0
771584658,4.1e-05,0
814181433,0.000192,0
788761608,5.6e-05,0
709009833,0.000253,0
708244458,8.3e-05,0
797998158,2e-05,0
808279158,0.000218,0
804601833,0.000156,0
789690483,0.00071,0
819109308,0.000117,0
739317558,1.4e-05,0
721305408,0.000213,0
716535408,7e-06,0
719391783,4e-05,0
780602733,1.3e-05,0
789556533,4.4e-05,0
713422083,0.999673,1
721506708,8.8e-05,0
715774833,0.000146,0
714962658,0.999987,1
783561558,7e-05,0
826709658,0.999939,1
790017858,0.000245,0
712319958,0.00013,0
717483558,4.3e-05,0
713985183,5.6e-05,0
708404883,0.004145,0
717208833,0.996624,1
816091608,7e-06,0
709087983,0.000431,0
710763783,7.5e-05,0
719018208,0.999715,1
713976258,1.4e-05,0
709554483,6.1e-05,0
794485158,2.8e-05,0
718795083,1.3e-05,0
826451433,2.9e-05,0
826717533,5e-05,0
715294083,0.97939,1
779187783,4.1e-05,0
719513733,2.6e-05,0
709816158,0.000912,0
711720408,9.6e-05,0
714960408,0.999968,1
770746908,2.5e-05,0
716101308,0.000101,0
809825358,1.7e-05,0
719826333,3.6e-05,0
710207208,0.000214,0
720128658,0.999546,1
780727833,0.000638,0
802247658,0.997796,1
717787533,0.00465,0
721115733,3.1e-05,0
709446783,0.000836,0
784719708,5.4e-05,0
718570158,0.001363,0
709965858,1.6e-05,0
757594083,9.4e-05,0
789599283,6.1e-05,0
718947558,1.6e-05,0
721147383,2.8e-05,0
720683958,0.000663,0
780657708,0.000187,0
713935533,1.2e-05,0
713948808,6.8e-05,0
715406658,0.999864,1
772640808,8.9e-05,0
708496833,0.99781,1
804847308,1.1e-05,0
716931183,7e-06,0
714030183,0.000535,0
809296308,6.4e-05,0
708358683,3.5e-05,0
794664183,2.1e-05,0
712475733,0.004333,0
708770883,0.000106,0
821339433,2.4e-05,0
709206333,0.999045,1
806914158,0.999986,1
709607733,1.6e-05,0
712843983,0.994477,1
780511683,0.997318,1
709161108,0.98986,1
708272808,4.5e-05,0
708680583,4e-05,0
708712833,0.000116,0
711947358,2.1e-05,0
719634408,0.0001,0
718267233,0.001179,0
715479483,0.000429,0
711164508,1.9e-05,0
719294433,2.1e-05,0
714412308,0.999855,1
716434533,0.999957,1
719061933,0.000602,0
719091333,6e-05,0
716573058,0.99993,1
740784258,6e-06,0
711863433,0.000573,0
780529908,4.7e-05,0
715132758,2.3e-05,0
713934633,0.995427,1
827423433,9.7e-05,0
708385533,0.999406,1
789407958,6.9e-05,0
712589658,0.000218,0
714759708,0.000224,0
826068183,0.000201,0
709913733,0.0008,0
789744033,0.000305,0
710926383,3.2e-05,0
714052158,0.999899,1
714900408,0.026503,0
787532808,8e-06,0
802449933,5.3e-05,0
755996583,0.999971,1
709625733,5.9e-05,0
719686458,0.020394,0
708642708,0.999991,1
790082508,3.3e-05,0
713205108,1e-05,0
710838108,0.000797,0
714427608,8e-06,0
711655683,3.1e-05,0
826168083,4e-05,0
708553008,0.005303,0
719554758,6.3e-05,0
820383558,4e-05,0
817293258,4.4e-05,0
709275558,0.00164,0
816078708,1.5e-05,0
719490108,0.000987,0
710410158,0.954051,1
813961233,1.3e-05,0
714259533,6.8e-05,0
713550483,0.000176,0
719073483,0.998754,1
710428308,8e-06,0
779340183,0.000118,0
788820933,3e-06,0
798022683,0.999717,1
717273333,1.9e-05,0
713952558,0.903849,1
712545183,0.009101,0
789611283,0.000116,0
713339283,1.3e-05,0
721032633,0.999912,1
719953383,9.4e-05,0
712814658,2.5e-05,0
711764733,0.000713,0
715915458,3.5e-05,0
720712533,1.7e-05,0
709984083,3.1e-05,0
719268333,5.1e-05,0
790048158,0.001059,0
717856983,0.000228,0
715545933,1e-05,0
709861008,5e-05,0
712863183,0.000216,0
712423233,6e-06,0
711648708,5.7e-05,0
714864333,0.999798,1
788830683,0.000148,0
719358333,0.000863,0
789541458,1.9e-05,0
711589758,8e-06,0
711574008,0.000365,0
779548008,0.000118,0
801037833,6.5e-05,0
720924633,0.001111,0
718596858,0.003407,0
737967708,9e-06,0
798110358,0.002412,0
789582483,5e-06,0
710529708,0.001854,0
789526458,0.000701,0
711039633,0.003874,0
828294933,0.999219,1
720422358,9.9e-05,0
720252858,0.004412,0
788966958,0.000116,0
714435408,2.6e-05,0
713453733,4.3e-05,0
711208083,1.3e-05,0
721220583,1.8e-05,0
720205608,4.2e-05,0
789983133,0.000164,0
787581858,3.9e-05,0
708705783,0.998685,1
717234183,0.000518,0
808705758,9e-06,0
711183558,0.002437,0
812979408,0.999834,1
715354008,0.000105,0
721062408,0.027865,0
712410858,1.2e-05,0
779116158,0.001215,0
712866933,1.6e-05,0
710411358,0.999867,1
771881283,2.9e-05,0
715363908,0.00058,0
789560433,0.999163,1
709752183,5.2e-05,0
807161508,0.000415,0
708393633,0.000295,0
771886233,1.6e-05,0
716930133,0.000571,0
809937933,3.2e-05,0
816596583,0.000205,0
718803333,7.6e-05,0
795237183,4.3e-05,0
720419358,4.8e-05,0
719514783,2.6e-05,0
780374133,4.8e-05,0
810868758,1.3e-05,0
714286383,1.2e-05,0
708588408,4.6e-05,0
813338733,5e-06,0
788826408,0.000108,0
713134458,0.000404,0
716350008,5e-06,0
738062658,1.8e-05,0
709449333,3e-06,0
718665933,0.000179,0
748503708,6.7e-05,0
807141183,0.000301,0
766381908,1.5e-05,0
822112383,1.9e-05,0
709061658,0.000143,0
797166633,7e-06,0
789435783,6.1e-05,0
708266883,0.999815,1
716793108,0.000145,0
712253058,2.1e-05,0
716430933,1.2e-05,0
715746633,0.000676,0
714842208,2.9e-05,0
713879283,0.000158,0
778679883,0.000119,0
712110333,0.999942,1
720724008,2.3e-05,0
708387933,0.00019,0
712165308,4.8e-05,0
720283758,0.998675,1
708473133,0.00017,0
810493458,4.9e-05,0
711122958,0.999755,1
721502958,0.000676,0
715908558,0.000319,0
711594858,5.6e-05,0
789513858,0.999924,1
712795833,0.997704,1
719628033,0.000266,0
718282983,1.8e-05,0
714121983,2.1e-05,0
709791333,4.1e-05,0
779916408,6.7e-05,0
711657783,5.4e-05,0
780203883,2.1e-05,0
709367433,0.00021,0
736145283,3.5e-05,0
711516783,0.000723,0
712104333,0.000175,0
711116133,0.999878,1
712988958,6.9e-05,0
771201408,1.9e-05,0
712011633,9e-06,0
713579733,1.7e-05,0
796544133,0.000173,0
709272333,8.3e-05,0
715153158,6.3e-05,0
779342958,0.000126,0
810545733,1.1e-05,0
805453908,6e-06,0
817086783,7.6e-05,0
714943233,1.9e-05,0
789097833,5.8e-05,0
759584958,0.999118,1
708886533,3e-06,0
708761733,0.008141,0
711600033,0.000189,0
769935783,5.5e-05,0
717446208,2.6e-05,0
721121283,3.4e-05,0
819151083,5.3e-05,0
716470683,2.5e-05,0
779643858,0.000155,0
787665258,0.999888,1
787475433,0.000382,0
717448383,0.999805,1
710812533,0.999938,1
716461683,3.2e-05,0
814571058,8.7e-05,0
712071708,0.002803,0
720769533,0.000427,0
794581533,4e-05,0
715732533,0.992394,1
708286683,4e-05,0
708543258,5.7e-05,0
713809833,5e-06,0
793636308,2.5e-05,0
789095958,0.999157,1
757722708,4.4e-05,0
738627708,0.999909,1
820353558,0.00021,0
718739508,0.008066,0
788943333,0.991359,1
708397008,1.2e-05,0
711392508,0.000133,0
780653208,6.4e-05,0
710251608,0.000633,0
719354433,2e-05,0
710676483,0.000139,0
826414083,0.00012,0
720673008,0.000546,0
716736858,1.6e-05,0
715660308,0.999739,1
785387883,8.8e-05,0
721028283,7.3e-05,0
717797658,5.6e-05,0
712390683,0.036308,0
717965808,0.000432,0
721514883,3.1e-05,0
718477983,7.5e-05,0
719671383,8.6e-05,0
711191808,0.000131,0
708637758,0.000364,0
794675058,0.999908,1
720508233,0.304633,0
713094483,0.000489,0
780064983,0.000194,0
710155158,0.999809,1
710904708,2.3e-05,0
801715383,0.999974,1
806889633,0.00036,0
794831733,7.4e-05,0
712019883,0.000105,0
770956158,0.000148,0
778386033,0.003983,0
708147108,1e-05,0
710310108,9.3e-05,0
771982083,3.8e-05,0
714754533,1e-05,0
717626508,5.9e-05,0
718328283,0.000159,0
716739258,0.000374,0
714277758,0.001568,0
720210483,4.6e-05,0
720411183,1.6e-05,0
711379083,9e-06,0
798558783,4e-06,0
713363583,1.5e-05,0
720339558,0.000105,0
715008858,1.4e-05,0
779037408,0.001456,0
721513833,2.5e-05,0
714311583,6.1e-05,0
797414733,0.005886,0
716864733,0.000164,0
712924383,0.999597,1
719854008,0.001403,0
771630783,2.6e-05,0
771471708,6e-05,0
769463433,0.000118,0
711377808,3.4e-05,0
713133258,0.000407,0
718162908,0.001318,0
713257083,6e-06,0
772687983,4e-06,0
711535158,0.999078,1
799700208,1.1e-05,0
717177783,0.000291,0
711402333,4e-05,0
714304458,0.000312,0
713347608,0.999874,1
718303683,0.999794,1
714317058,0.00036,0
718152333,0.999904,1
716385033,3e-05,0
720674133,0.004674,0
719153433,1.1e-05,0
712765158,0.002625,0
713229633,0.999598,1
712256358,0.000346,0
717656433,1.6e-05,0
771081558,2e-05,0
710702733,0.000216,0
779612808,0.002385,0
713904708,7e-06,0
716546283,0.000229,0
711670308,0.000473,0
710856558,2.9e-05,0
713639958,0.000467,0
716987358,0.999888,1
720008133,1.8e-05,0
710084883,2.6e-05,0
816476658,0.996183,1
778486008,9.5e-05,0
769053033,0.999936,1
716171358,4.4e-05,0
772684833,0.000119,0
709485033,1.1e-05,0
713352183,7.9e-05,0
712557708,4.1e-05,0
821149008,0.999776,1
711816108,0.999971,1
712532058,0.000163,0
718811058,2.3e-05,0
713696808,0.99998,1
753233733,9.5e-05,0
717030633,4.7e-05,0
718320933,6e-06,0
714608583,0.999883,1
715942683,2.8e-05,0
771356508,0.000112,0
711326583,0.000491,0
714621183,7e-06,0
712805658,6.1e-05,0
808981608,1e-05,0
718337733,5.2e-05,0
715921758,2.3e-05,0
779803008,1.6e-05,0
717195933,0.999993,1
712562433,0.999952,1
769578108,3.5e-05,0
715442958,3.7e-05,0
708402333,7.3e-05,0
719334408,0.000699,0
788246958,5.1e-05,0
780336258,7.9e-05,0
772706283,3.7e-05,0
780684933,8e-06,0
712927383,0.99998,1
712820208,1.7e-05,0
721434483,0.000203,0
720659283,9.1e-05,0
716004258,8e-06,0
713111883,0.000168,0
772248408,0.000341,0
787492908,9e-06,0
718227033,8.6e-05,0
711320508,2.5e-05,0
718828083,2e-05,0
709823733,0.999602,1
772116408,1.3e-05,0
717355533,1.1e-05,0
715932708,5.9e-05,0
719679858,0.001188,0
772323033,4e-05,0
714168183,0.00023,0
710719683,3.1e-05,0
719876808,8.7e-05,0
778894233,1.3e-05,0
712881483,0.021225,0
789481233,0.999821,1
714767508,0.000149,0
789144633,0.000355,0
710635083,0.001637,0
711557508,3.8e-05,0
720650208,0.000639,0
810856833,9.4e-05,0
712828533,0.034387,0
714503433,0.999963,1
817245183,4e-06,0
709106358,0.000309,0
720179883,0.000186,0
816756783,2.1e-05,0
812501358,6e-05,0
717203958,2.1e-05,0
719661558,0.000271,0
716297658,0.006752,0
756065433,0.000586,0
717076458,0.001516,0
716586408,0.000206,0
719776608,0.004651,0
710268858,5e-05,0
719400108,0.000382,0
715398858,0.000621,0
717359208,1.2e-05,0
788595183,0.00011,0
772082208,2.1e-05,0
720770883,0.000399,0
716263533,1e-05,0
719848008,3.7e-05,0
717073308,0.000368,0
716277558,0.001496,0
712010358,0.999807,1
709319658,0.999774,1
794665608,0.001026,0
708997833,9.5e-05,0
717135333,6.8e-05,0
795784008,0.99992,1
711728208,1.8e-05,0
737925558,4e-05,0
719147208,5.5e-05,0
715941633,0.000733,0
714078558,0.99982,1
719453283,1.4e-05,0
794507133,0.999953,1
710790258,0.000293,0
755953308,0.00011,0
712710708,0.000326,0
717843783,9e-05,0
710297133,1.2e-05,0
716222808,1.4e-05,0
714069858,0.000468,0
787659483,5.6e-05,0
757167633,1.2e-05,0
717207408,0.000154,0
778224858,1.1e-05,0
709103358,3.2e-05,0
816829608,0.001254,0
719838558,1.3e-05,0
718161708,0.011502,0
717382608,7.1e-05,0
711762408,8e-06,0
811571733,0.000879,0
779403558,0.0001,0
718399233,0.000529,0
711343233,0.000397,0
779536233,3.8e-05,0
718893333,4.4e-05,0
716697708,0.999939,1
708788583,0.999761,1
713808633,9.9e-05,0
721210158,0.000519,0
789666333,4.7e-05,0
710872233,0.779852,1
780497958,0.000116,0
798047583,0.000502,0
817089408,1.3e-05,0
787472283,1.2e-05,0
801786483,0.000287,0
709040508,1.5e-05,0
709257708,1.5e-05,0
753118533,1.8e-05,0
812222208,0.000539,0
714187533,0.000298,0
789180933,0.00027,0
718140783,0.00016,0
713924283,0.930912,1
713236458,9.4e-05,0
816315558,0.00123,0
770135358,1.7e-05,0
714284358,2.7e-05,0
712965183,2.1e-05,0
713668158,0.796897,1
784819758,2.6e-05,0
712025958,1.1e-05,0
713653983,5e-06,0
712619808,7e-05,0
710086308,8e-06,0
711781233,0.000118,0
708254733,0.000671,0
788930358,0.000239,0
714361083,0.99975,1
713253858,0.999819,1
771020133,0.001053,0
719593608,0.999913,1
714407058,8.9e-05,0
721282908,0.000375,0
771507258,8.8e-05,0
716285358,6.4e-05,0
711985833,0.016666,0
717182883,7e-05,0
714618333,1.3e-05,0
709443633,2.1e-05,0
778180158,3.3e-05,0
713755458,0.999934,1
767269908,9.6e-05,0
778231983,6e-06,0
769911858,0.000168,0
711866358,4.7e-05,0
774437583,6e-05,0
711232608,0.999852,1
721315233,1.7e-05,0
713401758,8e-06,0
769438608,0.999958,1
713172408,2.1e-05,0
778425408,6.7e-05,0
718611333,1.9e-05,0
771400608,4.2e-05,0
719990358,0.000138,0
714250908,0.999895,1
715992558,1.1e-05,0
713181558,0.000225,0
793597833,1.5e-05,0
816013383,0.999959,1
715518783,6.8e-05,0
779353083,0.00142,0
719881533,0.999736,1
792864858,0.000118,0
808681158,0.008424,0
717390408,0.997451,1
720551733,0.999942,1
772273983,0.999968,1
720648483,9.5e-05,0
721486908,5.4e-05,0
716657058,3.4e-05,0
713630733,0.00452,0
718586133,0.000117,0
717482658,0.00011,0
718503108,0.000259,0
714148758,0.02183,0
708902883,7.8e-05,0
771499233,2e-05,0
714113658,0.000142,0
713231658,9.3e-05,0
708319908,0.999891,1
715629783,2.7e-05,0
820587258,0.000534,0
771852483,0.000211,0
712578933,0.999429,1
711263058,3.2e-05,0
779405133,0.000134,0
716094333,1.5e-05,0
778837083,0.996892,1
712434708,0.999965,1
771431133,9.9e-05,0
709716258,1.5e-05,0
710464683,7.9e-05,0
787543008,3.9e-05,0
709363383,5.9e-05,0
817988433,6e-06,0
717189183,1.6e-05,0
710854008,0.00047,0
714531108,6.1e-05,0
778420383,7.7e-05,0
809068983,0.000239,0
713131158,0.999806,1
709649958,0.999863,1
754886958,2.6e-05,0
713476758,9e-06,0
709473708,7.5e-05,0
708190158,0.994122,1
719813058,3.5e-05,0
708158133,0.999765,1
815826708,9.5e-05,0
712682583,5.5e-05,0
714917583,1.5e-05,0
711577458,3.8e-05,0
717623583,0.000398,0
708899283,0.002778,0
720249183,7.9e-05,0
718653333,0.99999,1
721424583,1.5e-05,0
708451233,0.000972,0
788122533,0.00201,0
708298233,0.998813,1
711935283,0.999546,1
769892058,2.5e-05,0
717954333,6.6e-05,0
820108008,1.8e-05,0
712840608,0.000105,0
817240833,0.000102,0
771051783,0.000432,0
779895108,0.000156,0
714811533,0.000421,0
714945708,0.995774,1
712925808,0.999766,1
712302783,7.4e-05,0
710725383,3.2e-05,0
708710283,1.7e-05,0
708382083,0.000718,0
767404083,0.999972,1
773297508,0.000152,0
717478983,0.000111,0
709679658,1.9e-05,0
721427358,0.999948,1
718178583,6.4e-05,0
718489608,0.000273,0
721349883,0.001123,0
787505133,0.999495,1
711521958,1.7e-05,0
708271833,0.000185,0
711242058,0.999652,1
718524783,0.999793,1
715050408,2.8e-05,0
757527033,0.000737,0
717580458,0.997992,1
714938733,0.999963,1
719170683,9.5e-05,0
715347783,0.001418,0
790108908,1.9e-05,0
789218433,0.000151,0
789469083,0.000289,0
715797783,0.000259,0
713761608,0.000165,0
771669183,5.3e-05,0
779521533,5e-06,0
715554708,0.000184,0
767687208,9e-06,0
708655983,0.000638,0
720729108,8.6e-05,0
708722583,4.8e-05,0
715371108,0.999717,1
797238108,2.1e-05,0
718640508,0.001465,0
709487058,3.3e-05,0
712948383,0.000301,0
708469533,4.2e-05,0
709104333,0.002429,0
755420433,2.1e-05,0
718996758,7.3e-05,0
719445633,1.6e-05,0
709231683,0.000149,0
708846183,1.7e-05,0
826723308,1.1e-05,0
710825658,2.4e-05,0
796931508,0.99994,1
808753758,2.8e-05,0
789494133,0.000453,0
816312633,0.000887,0
720029508,6.3e-05,0
714971583,7e-06,0
789325008,4.5e-05,0
713287608,0.001631,0
754872333,0.000472,0
713573508,0.999968,1
718875483,1.4e-05,0
780237033,5e-05,0
710363433,8.1e-05,0
795232683,4e-06,0
719577258,0.999905,1
717400533,0.000855,0
713047608,0.999491,1
716645883,1.1e-05,0
709707033,0.999913,1
711112683,0.00011,0
799723908,7e-06,0
712290258,6.6e-05,0
710462433,1.2e-05,0
812446158,0.000116,0
788741733,2.5e-05,0
780201633,0.999925,1
713656308,0.000551,0
710749458,2.9e-05,0
817142433,0.000106,0
789491058,0.00227,0
812488608,3.5e-05,0
710563458,4e-06,0
716013858,0.000212,0
717890583,2.5e-05,0
789540108,2.6e-05,0
708753633,0.000139,0
772776033,0.000157,0
751283658,8.5e-05,0
711237633,0.999916,1
817197333,0.003681,0
718737708,0.000452,0
710507733,2.6e-05,0
712979133,0.863427,1
717975333,0.000109,0
787563858,8e-06,0
779442783,1.3e-05,0
720608658,9e-06,0
714524583,0.999809,1
713580633,0.004692,0
712214283,1e-05,0
720190083,0.999981,1
718394658,4.6e-05,0
708615183,5.7e-05,0
827476983,0.994202,1
803335008,3.3e-05,0
711658758,8e-05,0
721232058,0.002074,0
809599158,0.999924,1
717127083,4.1e-05,0
709243533,1.8e-05,0
711267633,0.999927,1
809849358,0.999791,1
720708183,7.8e-05,0
805259733,0.000281,0
712660308,0.99982,1
714296358,0.00015,0
823578483,3.3e-05,0
709749483,3.1e-05,0
715215108,4e-05,0
718415133,0.000343,0
710500983,0.989936,1
714970458,1.2e-05,0
708931908,2e-05,0
749571633,8e-05,0
801508383,1.1e-05,0
717185658,0.999863,1
812618883,0.000146,0
819002508,6.2e-05,0
710218233,9.1e-05,0
719344608,0.001111,0
718464258,6.9e-05,0
710512833,0.000185,0
718032483,1.9e-05,0
710159658,4.8e-05,0
715765758,0.00035,0
811700058,0.995438,1
806824908,2.4e-05,0
712428333,2.4e-05,0
710971908,2.6e-05,0
718011783,2e-05,0
721399833,3.4e-05,0
710975883,8e-05,0
712420833,0.000174,0
803115258,0.999914,1
721005108,1.5e-05,0
788610258,3.6e-05,0
716159958,5.2e-05,0
789231858,9e-05,0
719123958,0.99998,1
719337408,0.00594,0
779486433,3.6e-05,0
817337958,0.001612,0
712774908,0.000563,0
813234108,0.000223,0
792524358,0.000138,0
719282433,2.7e-05,0
720299283,8e-06,0
709479558,0.000343,0
716102583,0.000257,0
713733633,0.981537,1
795155433,6e-06,0
711783483,9e-06,0
721532583,0.987544,1
714753258,4.9e-05,0
721055058,8.8e-05,0
720510333,5.6e-05,0
718146258,0.000666,0
715664808,0.999933,1
719964933,4.2e-05,0
709173108,0.999971,1
719722308,0.000468,0
719666283,0.000149,0
780006783,0.999981,1
715601808,0.00013,0
769720683,1.4e-05,0
765692658,3.1e-05,0
717819633,9e-06,0
718699683,3.6e-05,0
797169633,7.1e-05,0
710636208,0.00016,0
709309308,0.999526,1
819690933,5.7e-05,0
711615933,8e-05,0
714933783,8.1e-05,0
778643733,0.999693,1
712867983,0.008534,0
718939083,0.999947,1
713512308,0.982476,1
790123983,3.2e-05,0
711153783,3.4e-05,0
744483633,0.000506,0
719971458,1.1e-05,0
716506083,0.999918,1
716329383,0.999374,1
719719158,0.000157,0
716107158,0.968093,1
714477408,0.998794,1
773146383,0.001286,0
708635058,1.5e-05,0
803421108,0.00041,0
716210283,1.1e-05,0
711315783,0.000336,0
712489158,0.000494,0
718576908,2e-05,0
753208833,0.00149,0
798546408,1.8e-05,0
827114058,7.4e-05,0
771453033,0.001079,0
718452633,0.999964,1
718026858,3.3e-05,0
721181883,6.5e-05,0
717609633,3.8e-05,0
710927733,5.3e-05,0
711551958,0.999957,1
716365233,5.2e-05,0
783121008,1e-05,0
716780283,9.6e-05,0
718471758,5.6e-05,0
756571983,0.002475,0
714700158,2.9e-05,0
794191008,2.1e-05,0
711000933,8e-06,0
789025083,2.7e-05,0
717074283,0.999425,1
714243408,0.00033,0
716462658,0.000525,0
719944458,1.6e-05,0
718866633,4.1e-05,0
714247458,2.2e-05,0
783910008,3e-05,0
714294183,0.999972,1
789530208,0.000496,0
714389058,3.2e-05,0
772661808,5e-06,0
710135058,2.2e-05,0
716805408,5e-06,0
789304983,0.000461,0
743912958,3.4e-05,0
715311183,1.5e-05,0
720264783,3.5e-05,0
788771733,7e-06,0
711724083,0.998803,1
717628608,0.000345,0
712319058,6.3e-05,0
772231233,0.000329,0
715315008,0.000659,0
778853358,0.000588,0
714581358,0.999963,1
710810883,2.2e-05,0
709879458,2.2e-05,0
811970808,7.5e-05,0
720015183,7.3e-05,0
708907833,4.3e-05,0
826261008,0.999901,1
794682483,5.4e-05,0
708098133,3e-05,0
711069483,0.001132,0
709537683,0.999295,1
710770383,0.002588,0
809811858,0.999898,1
772216833,1.6e-05,0
717830583,1.5e-05,0
713779908,8.8e-05,0
712507758,0.000131,0
716093133,2.4e-05,0
817382958,7.9e-05,0
714400308,1.9e-05,0
789466008,0.00012,0
710289783,0.999062,1
712659408,4e-06,0
788791383,0.000288,0
709822008,7.1e-05,0
816615633,0.038203,0
718521258,0.00052,0
713533983,5.1e-05,0
709444983,0.999893,1
717405408,2.7e-05,0
753226158,8e-06,0
780384483,0.999164,1
720096558,0.000188,0
778567983,3.9e-05,0
711649908,1.3e-05,0
718038483,2.6e-05,0
719519058,0.999919,1
770985633,0.000246,0
713600958,0.000329,0
719801508,6e-06,0
713686008,7.5e-05,0
720401658,0.99855,1
715572783,0.000168,0
817908783,2.9e-05,0
712361583,6.8e-05,0
709108533,2.4e-05,0
718490658,8.2e-05,0
790006383,0.000705,0
710744433,0.002353,0
780865308,0.000892,0
716643033,0.999976,1
789241308,0.999976,1
721344858,0.003622,0
717050883,2.3e-05,0
788979258,2.6e-05,0
719125158,0.001708,0
709545333,3.2e-05,0
721165608,0.000216,0
714652383,1e-05,0
737921733,0.037946,0
804428958,1.1e-05,0
720075558,0.000692,0
769676358,1.1e-05,0
716378658,0.002632,0
714479358,0.997826,1
712141683,0.000208,0
710005683,8.9e-05,0
721228308,0.999983,1
758833758,0.019597,0
787565433,0.000966,0
780253533,0.002049,0
714595983,0.999993,1
709547658,0.999923,1
711801933,0.999939,1
715808808,0.000218,0
711294258,0.000131,0
708542283,8e-05,0
787514433,0.000302,0
779773533,0.000165,0
807964908,1.5e-05,0
757753083,0.000816,0
779331558,0.000205,0
799026633,0.000527,0
719898108,3.2e-05,0
711252258,2.9e-05,0
719724933,1.5e-05,0
715413483,7.1e-05,0
751518633,0.99951,1
742552683,1.6e-05,0
756598833,0.001478,0
794562783,0.000115,0
779942808,6.3e-05,0
789151983,5e-05,0
779598183,2.1e-05,0
720714933,6e-06,0
708536283,0.99961,1
714548733,0.000134,0
713796033,0.99861,1
770817783,3.2e-05,0
716032233,9e-06,0
719806233,4.4e-05,0
712835433,0.00026,0
713975433,3.7e-05,0
715076358,0.999773,1
720731808,0.877666,1
714616308,1.1e-05,0
717502083,0.990871,1
789362058,6.2e-05,0
794530608,0.00093,0
709007883,3.2e-05,0
709219533,0.000166,0
787723758,2e-05,0
710968008,1.2e-05,0
780638958,1.1e-05,0
716951658,0.001652,0
715956258,0.001591,0
785119833,0.004691,0
710723958,0.00021,0
714011358,0.000144,0
717724233,0.000462,0
754671558,0.001179,0
794514108,3.9e-05,0
719385558,0.001783,0
712637283,6.5e-05,0
714222183,1.6e-05,0
709175208,1.8e-05,0
717112533,0.003109,0
714426783,2.2e-05,0
721448283,0.999501,1
782548758,5.3e-05,0
717561108,1.9e-05,0
720585183,0.000377,0
714643983,3.8e-05,0
712291308,5.3e-05,0
713036208,3.1e-05,0
709979583,0.000192,0
717517758,1.4e-05,0
717271983,9e-06,0
718528008,6.4e-05,0
719118708,0.999471,1
708657033,7e-06,0
717489033,0.995157,1
818926833,0.034076,0
708338958,2.3e-05,0
827683383,6.7e-05,0
717099408,6.8e-05,0
716878533,0.000125,0
797410983,8.8e-05,0
789625383,0.000717,0
709701558,8e-06,0
708334158,6.8e-05,0
710638233,0.999556,1
794496033,1.5e-05,0
709738008,1.2e-05,0
808756458,6.8e-05,0
710982858,2.4e-05,0
718451133,9.8e-05,0
717991533,6e-06,0
713104458,0.999957,1
715783758,4e-06,0
716891583,1.8e-05,0
714557583,0.000475,0
714840858,4.7e-05,0
788911458,2e-05,0
712521783,0.0006,0
716756133,9.8e-05,0
793550958,0.000144,0
768687183,1.6e-05,0
778170633,4e-06,0
789307833,0.000236,0
718291233,8e-06,0
718984533,5.2e-05,0
794293908,0.000709,0
708829758,0.000275,0
717016833,0.000237,0
711339258,5.6e-05,0
708754833,0.000288,0
716773533,0.000145,0
788896983,5.3e-05,0
715694433,4.5e-05,0
708403308,0.000435,0
715511658,9e-06,0
717327783,0.000192,0
717384183,0.0003,0
818929158,0.000872,0
789539058,0.000966,0
718357458,0.001586,0
709530408,0.000504,0
826245858,0.998659,1
716800908,0.000106,0
714425283,3.6e-05,0
718345233,0.021229,0
713128833,0.00788,0
769577358,0.000228,0
758824608,1.4e-05,0
716742483,0.000652,0
710905908,4.4e-05,0
712902483,1.1e-05,0
772105608,0.000313,0
809951133,0.962397,1
710015733,0.999699,1
716893683,0.999897,1
788808633,7.6e-05,0
714100008,0.999582,1
717211608,0.000223,0
711008508,5.9e-05,0
712899333,0.001148,0
714091983,3.5e-05,0
802878408,0.000287,0
715958583,1.4e-05,0
716142858,7.6e-05,0
720449208,2.6e-05,0
739021908,6.2e-05,0
817035108,8.5e-05,0
718957083,2e-05,0
712084383,1.5e-05,0
771952683,8.3e-05,0
719782458,1.3e-05,0
721164483,3.5e-05,0
806989008,1.1e-05,0
709624533,0.000833,0
710570058,0.999048,1
713114133,0.999776,1
771224358,0.000137,0
809440008,0.999989,1
785515533,0.000311,0
713709258,0.00037,0
708104658,0.001759,0
817958733,2.4e-05,0
721183983,4.4e-05,0
810220833,3.8e-05,0
713373708,0.999957,1
715710708,5e-06,0
717443658,8.6e-05,0
717915783,0.999723,1
779217333,1.8e-05,0
710794983,8e-06,0
795855258,0.000338,0
788719533,0.100603,0
720782658,6e-06,0
720034983,0.00244,0
713536158,2.1e-05,0
755262933,0.001359,0
719136183,1.2e-05,0
715898058,6.5e-05,0
716315508,0.999669,1
788667408,0.000147,0
768949983,0.000824,0
778882758,2.4e-05,0
709465758,4.9e-05,0
719781183,3.4e-05,0
720101658,0.002228,0
713782608,0.0001,0
802101858,0.000974,0
708757233,1.4e-05,0
709711758,0.99975,1
772000533,0.000257,0
720827133,0.999962,1
789903708,3.6e-05,0
719855958,1.3e-05,0
713254983,5.4e-05,0
709120008,0.014126,0
720927183,0.000162,0
716875083,0.00031,0
716988633,0.000114,0
711553308,2.8e-05,0
788802483,6e-06,0
708908883,2.7e-05,0
712644483,4e-05,0
716311683,7.6e-05,0
779707308,0.00294,0
720595083,5.1e-05,0
715034358,2.6e-05,0
720897783,1.9e-05,0
826513233,0.001579,0
826065258,4.7e-05,0
772426383,1.1e-05,0
717972408,2.5e-05,0
708888633,0.999979,1
714916758,7.8e-05,0
710888883,7.5e-05,0
717296808,0.000414,0
713847858,0.999361,1
768728508,1.4e-05,0
762020133,0.999981,1
710706558,0.009224,0
709278258,0.998421,1
710679933,0.99695,1
713152383,0.000154,0
771429408,0.000151,0
770721858,0.000117,0
778686408,0.000117,0
771682533,0.000185,0
712378983,0.997771,1
714615258,0.999868,1
713027058,0.999951,1
789485433,8e-06,0
716368008,0.983746,1
771935283,4.3e-05,0
779315508,0.991537,1
794843883,7.3e-05,0
822084333,0.999511,1
714893733,0.000189,0
719474583,0.001508,0
717141858,2.8e-05,0
712714008,2.3e-05,0
719570733,0.000149,0
720980958,9.9e-05,0
720964683,0.000217,0
718263108,0.997085,1
789101883,0.00026,0
809292483,0.000229,0
778973658,0.000377,0
708560733,0.000118,0
721171008,0.001605,0
781297983,0.00051,0
778228458,0.000581,0
797668983,6.4e-05,0
713492583,0.999924,1
715799808,0.999825,1
711647808,5.5e-05,0
720840108,5.5e-05,0
711349083,0.027084,0
721247883,8e-06,0
720497958,0.000359,0
719466558,0.000174,0
753220383,0.999924,1
757481283,0.00014,0
778506633,0.999964,1
819634233,0.999975,1
753795633,0.999644,1
715435758,4e-06,0
772063308,6.2e-05,0
718205283,1.1e-05,0
720863133,3.8e-05,0
709288383,1e-05,0
709213458,0.999951,1
708670608,3.8e-05,0
709150608,0.000387,0
713105508,0.000298,0
716303583,3.1e-05,0
787669233,2.8e-05,0
771488583,0.000113,0
708269583,6.2e-05,0
779809908,2.2e-05,0
720973833,0.000607,0
720236433,3e-05,0
717895833,1.7e-05,0
718921683,8.1e-05,0
713828208,0.000698,0
779241783,4.9e-05,0
797241108,3.6e-05,0
716635758,0.000158,0
714536208,0.000863,0
709372608,1.6e-05,0
769574883,0.020257,0
718286658,2.4e-05,0
714839808,1e-05,0
718342158,0.999317,1
778573233,1.5e-05,0
715680933,3.7e-05,0
708396033,1.6e-05,0
713356833,0.000688,0
814593858,5.3e-05,0
771592458,2.5e-05,0
827631483,1.5e-05,0
811721133,2.3e-05,0
720443358,9e-06,0
709477233,2e-05,0
711942783,0.000407,0
768848658,0.000558,0
788772708,3.9e-05,0
717109983,2.8e-05,0
712128258,0.003691,0
720621408,0.009885,0
710295858,1.6e-05,0
714647808,0.000113,0
712374708,3.2e-05,0
715547058,0.999955,1
720539583,9e-05,0
712952283,1.8e-05,0
710475408,1.5e-05,0
715007583,3.5e-05,0
713061558,0.068561,0
772288758,2e-05,0
713977308,4e-06,0
801064833,2.9e-05,0
708129933,0.000189,0
789167658,0.000307,0
720286908,9e-06,0
716565258,0.003411,0
708564858,0.999747,1
778895883,7.3e-05,0
709410033,7.6e-05,0
710745633,3.4e-05,0
709008708,5.8e-05,0
714738858,8e-06,0
713639058,0.999978,1
719739108,0.000222,0
826079508,3.5e-05,0
710795883,7.2e-05,0
710404533,6.2e-05,0
719359458,0.002541,0
821837958,9.7e-05,0
710691633,3.9e-05,0
779296908,0.001367,0
710797833,7.6e-05,0
804337233,1.6e-05,0
713823033,0.999973,1
720076458,2.6e-05,0
809818008,3.6e-05,0
717376758,4e-05,0
795844983,2.9e-05,0
789368658,0.000117,0
720462633,2.3e-05,0
708938508,0.000121,0
709560258,0.998482,1
717513933,0.000772,0
711113958,0.000249,0
713995233,2.3e-05,0
717906783,0.007474,0
716516208,7.6e-05,0
756658083,8.1e-05,0
718692258,5.4e-05,0
719816583,0.999653,1
787578183,1.3e-05,0
788699808,0.01854,0
809320908,0.000103,0
789942033,0.983362,1
714006333,0.998423,1
710813733,0.00013,0
711679533,0.000265,0
709212183,0.000119,0
807523008,0.000136,0
787480158,1.3e-05,0
711272058,1.6e-05,0
720033033,1e-05,0
794124708,8.6e-05,0
790164408,0.000322,0
714831033,0.00021,0
718731183,0.99982,1
827888433,5.5e-05,0
711992133,8e-06,0
711809283,4.3e-05,0
714574083,0.003343,0
769189083,3.8e-05,0
711968358,1.6e-05,0
711750183,0.000115,0
716511483,7e-05,0
800869758,1.2e-05,0
715235808,3e-05,0
714199983,7e-06,0
718540308,7e-06,0
716460933,4e-05,0
780277458,2.3e-05,0
798011733,2.4e-05,0
714046608,0.000268,0
713396358,0.000107,0
714005508,6.5e-05,0
717444558,1.5e-05,0
713905608,0.000374,0
711126483,0.000305,0
714602658,0.999959,1
716019333,1.1e-05,0
714869958,8e-06,0
778459833,8.8e-05,0
789309558,0.002136,0
756736008,0.000308,0
779883933,0.000113,0
709343433,0.00013,0
806908608,7.1e-05,0
720521808,0.000329,0
709523508,5.6e-05,0
708373083,0.99637,1
713325108,0.000146,0
819214233,0.000303,0
713188383,0.000272,0
770778108,1e-05,0
716610558,0.000318,0
715174158,0.000317,0
779608083,6.4e-05,0
780200208,6.6e-05,0
718675158,0.99979,1
817977933,0.999754,1
755273658,1.7e-05,0
715022133,0.000243,0
719804208,4e-06,0
780056733,0.000162,0
780373233,5.5e-05,0
817188408,7.8e-05,0
772073508,0.999978,1
803805483,4.3e-05,0
717823383,9.3e-05,0
789907533,0.999847,1
788259558,3.3e-05,0
815515158,7e-06,0
713884458,0.000194,0
789717708,3.2e-05,0
708160008,1.1e-05,0
708702258,0.999751,1
789023508,8.7e-05,0
719265108,0.000396,0
813213558,0.000269,0
802460433,0.999972,1
717995958,4.7e-05,0
710697408,4e-05,0
805458933,0.000119,0
713850783,0.000149,0
713876958,0.000133,0
718926258,0.00011,0
717585858,2.1e-05,0
710303208,0.000247,0
770647233,0.000937,0
715459158,1.7e-05,0
789185508,0.000332,0
779305008,0.000174,0
713343333,1.2e-05,0
749067633,0.000532,0
811713408,1.2e-05,0
789990333,0.000137,0
788770908,0.000161,0
709411383,3.8e-05,0
708361833,4.4e-05,0
712801758,3.9e-05,0
721179708,7.3e-05,0
708511983,3.1e-05,0
711388458,0.000113,0
720486408,0.000107,0
709157133,7.5e-05,0
712240083,0.999906,1
782802033,0.999798,1
712091433,4e-05,0
720494058,7.6e-05,0
710277183,6e-06,0
789804933,2.8e-05,0
719022558,5e-06,0
714573258,0.000483,0
709919283,0.000124,0
716481408,0.000243,0
719038008,0.000757,0
793456983,4.3e-05,0
720597108,0.999907,1
715233108,4e-06,0
709220583,0.003087,0
779324358,0.004998,0
712112733,2.4e-05,0
714443058,0.99994,1
711109908,7.3e-05,0
717464958,0.000875,0
713701533,4e-05,0
772565883,1.6e-05,0
758765808,0.606276,1
716851908,0.000217,0
721500108,1.9e-05,0
820268358,7e-06,0
717171408,0.000868,0
713567958,0.000236,0
716512383,0.004327,0
713008308,0.000203,0
780942633,0.000138,0
716249508,3.4e-05,0
714909108,0.000283,0
778708533,0.999853,1
772725408,1.9e-05,0
709534083,0.999936,1
817144458,7.2e-05,0
807157833,5e-06,0
716371308,0.000406,0
716332533,6.8e-05,0
716924958,0.999878,1
720904233,7.9e-05,0
711964533,5.3e-05,0
788715483,5e-06,0
788832033,0.000101,0
716022258,0.999824,1
712208658,4.2e-05,0
710482533,3.3e-05,0
717661908,1.3e-05,0
720254883,6.4e-05,0
719532108,0.001737,0
779610033,0.999604,1
819977058,8e-06,0
772202058,0.000272,0
717658758,0.000185,0
720467583,1.1e-05,0
713314533,0.999571,1
719318583,0.999879,1
789122808,0.999373,1
708525108,6e-06,0
779662308,9.9e-05,0
717180633,0.002,0
713000058,0.000953,0
709747308,1.9e-05,0
712235433,0.999881,1
712405908,2.1e-05,0
778885158,3.8e-05,0
789143283,1e-05,0
721233033,0.999928,1
718486608,2.3e-05,0
713249883,1.7e-05,0
797743233,1.4e-05,0
778346283,0.001188,0
721113333,0.000829,0
720707283,0.009348,0
788997408,8.4e-05,0
710456658,4.8e-05,0
808796208,6.2e-05,0
713685033,0.999902,1
788912658,6.8e-05,0
712157958,0.997523,1
711148308,6.1e-05,0
719117433,0.003148,0
